{
  "accentColor": "",
  "enabledCssSnippets": [
    "obsidian",
    "colors-header",
    "graph-colos",
    "Heatmap Calendar",
    "poetry",
    "Alignment force to center",
    "【进度颜色】colourful progress bar",
    "minimal-cards_anu",
    "MCL Wide Views",
    "hide-embedded-header",
    "【主页设置】homepage setting",
    "mobile-custom-fontSize",
    "MCL Gallery Cards",
    "MCL Multi Column",
    "writing-color",
    "default-image-size"
  ],
  "cssTheme": "Blue Topaz",
  "showViewHeader": true,
  "theme": "obsidian",
  "baseFontSize": 15,
  "baseFontSizeAction": false,
  "monospaceFontFamily": "Arial Rounded MT",
  "showRibbon": true
}