{
  "collapse-filter": false,
  "search": "[Gym - Schedule]",
  "showTags": false,
  "showAttachments": false,
  "hideUnresolved": true,
  "showOrphans": true,
  "collapse-color-groups": true,
  "colorGroups": [],
  "collapse-display": false,
  "showArrow": true,
  "textFadeMultiplier": -0.8,
  "nodeSizeMultiplier": 3.3239990234375,
  "lineSizeMultiplier": 3.14535319010417,
  "collapse-forces": false,
  "centerStrength": 0.198969072164948,
  "repelStrength": 0,
  "linkStrength": 0,
  "linkDistance": 383,
  "scale": 0.679869262363245,
  "close": false
}