{
  "app:toggle-left-sidebar": [
    {
      "modifiers": [
        "Mod"
      ],
      "key": "ArrowLeft"
    }
  ],
  "app:toggle-right-sidebar": [
    {
      "modifiers": [
        "Mod"
      ],
      "key": "ArrowRight"
    }
  ],
  "obsidian-quran-lookup:ayah-list-command": [
    {
      "modifiers": [
        "Mod"
      ],
      "key": "Q"
    }
  ],
  "obsidian-emoji-toolbar:emoji-picker:open-picker": [
    {
      "modifiers": [
        "Mod"
      ],
      "key": "["
    }
  ],
  "insert-current-date": [
    {
      "modifiers": [
        "Mod"
      ],
      "key": "9"
    }
  ],
  "workspace:goto-last-tab": [],
  "markdown:edit-metadata-property": [
    {
      "modifiers": [
        "Mod"
      ],
      "key": "0"
    }
  ],
  "editor:cycle-list-checklist": [
    {
      "modifiers": [
        "Mod"
      ],
      "key": "."
    }
  ],
  "workspace:goto-tab-1": [],
  "templater-obsidian:40 - Obsidian/Template/Paste Allah Azza Wa Jalla.md": [
    {
      "modifiers": [
        "Mod"
      ],
      "key": "1"
    }
  ],
  "templater-obsidian:40 - Obsidian/Template/Paste Rasulullah SAW.md": [
    {
      "modifiers": [
        "Mod"
      ],
      "key": "3"
    }
  ],
  "workspace:goto-tab-3": [],
  "templater-obsidian:40 - Obsidian/Template/Paste - Semoga Allah meridhainya.md": [
    {
      "modifiers": [
        "Mod"
      ],
      "key": "4"
    }
  ],
  "workspace:goto-tab-4": [],
  "templater-obsidian:30 - Database/Misc Notes/Paste - Rahimahumullah.md": [
    {
      "modifiers": [
        "Mod"
      ],
      "key": "5"
    }
  ],
  "workspace:goto-tab-5": []
}