{
  "main": {
    "id": "5324373015726ba8",
    "type": "split",
    "children": [
      {
        "id": "4509724f8bf84da7",
        "type": "tabs",
        "children": [
          {
            "id": "e7a7b303c61786dc",
            "type": "leaf",
            "pinned": true,
            "state": {
              "type": "markdown",
              "state": {
                "file": "40 - Obsidian/Quick Access.md",
                "mode": "preview",
                "source": false,
                "backlinks": false
              },
              "pinned": true,
              "icon": "lucide-file",
              "title": "Quick Access"
            }
          },
          {
            "id": "b06afa2b8630eb1a",
            "type": "leaf",
            "state": {
              "type": "markdown",
              "state": {
                "file": "30 - Database/Kajian/2025-02-18 05.40 Cara Allah SWT Memuliakan Wali-Nya.md",
                "mode": "preview",
                "source": false,
                "backlinks": false
              },
              "icon": "lucide-file",
              "title": "2025-02-18 05.40 Cara Allah SWT Memuliakan Wali-Nya"
            }
          },
          {
            "id": "306ca8ba9f4f92f0",
            "type": "leaf",
            "state": {
              "type": "markdown",
              "state": {
                "file": "30 - Database/Kajian/2025-02-12 11.43 Wali Allah.md",
                "mode": "preview",
                "source": false,
                "backlinks": false
              },
              "icon": "lucide-file",
              "title": "2025-02-12 11.43 Wali Allah"
            }
          },
          {
            "id": "ff2ea36846391f1b",
            "type": "leaf",
            "state": {
              "type": "markdown",
              "state": {
                "file": "30 - Database/Kajian/2025-02-06 05.31 Ciri Allah Mencintai Hamba-Nya QS. Al-Maidah54.md",
                "mode": "preview",
                "source": false,
                "backlinks": false
              },
              "icon": "lucide-file",
              "title": "2025-02-06 05.31 Ciri Allah Mencintai Hamba-Nya QS. Al-Maidah54"
            }
          }
        ],
        "currentTab": 3
      }
    ],
    "direction": "vertical"
  },
  "left": {
    "id": "10601ae496fdc515",
    "type": "mobile-drawer",
    "children": [
      {
        "id": "9119ce412e9c5521",
        "type": "leaf",
        "state": {
          "type": "file-explorer",
          "state": {
            "sortOrder": "alphabetical",
            "autoReveal": false
          },
          "icon": "lucide-folder-closed",
          "title": "Files"
        }
      },
      {
        "id": "40ef4715fe481794",
        "type": "leaf",
        "state": {
          "type": "search",
          "state": {
            "query": "perhiasan",
            "matchingCase": false,
            "explainSearch": false,
            "collapseAll": false,
            "extraContext": false,
            "sortOrder": "alphabeticalReverse"
          },
          "icon": "lucide-search",
          "title": "Search"
        }
      },
      {
        "id": "2383c4458b074b24",
        "type": "leaf",
        "state": {
          "type": "tag",
          "state": {
            "sortOrder": "frequency",
            "useHierarchy": true
          },
          "icon": "lucide-file",
          "title": "Plugin no longer active"
        }
      },
      {
        "id": "c21d4687c43b667b",
        "type": "leaf",
        "state": {
          "type": "all-properties",
          "state": {
            "sortOrder": "frequency",
            "showSearch": false,
            "searchQuery": ""
          },
          "icon": "lucide-archive",
          "title": "All properties"
        }
      },
      {
        "id": "fc4c78692c6b380d",
        "type": "leaf",
        "state": {
          "type": "bookmarks",
          "state": {},
          "icon": "lucide-file",
          "title": "Plugin no longer active"
        }
      },
      {
        "id": "8d6208c6109ddf87",
        "type": "leaf",
        "state": {
          "type": "empty",
          "state": {},
          "icon": "lucide-file",
          "title": "New tab"
        }
      },
      {
        "id": "c6ba8e31f714bc7a",
        "type": "leaf",
        "state": {
          "type": "recent-files",
          "state": {},
          "icon": "lucide-file",
          "title": "Plugin no longer active"
        }
      },
      {
        "id": "90402455d73942ba",
        "type": "leaf",
        "state": {
          "type": "recent-files",
          "state": {},
          "icon": "lucide-file",
          "title": "Plugin no longer active"
        }
      },
      {
        "id": "df8c65f8728ab21f",
        "type": "leaf",
        "pinned": true,
        "state": {
          "type": "markdown",
          "state": {
            "file": "40 - Obsidian/Quick Access.md",
            "mode": "source",
            "backlinks": false,
            "source": false
          },
          "pinned": true,
          "icon": "lucide-file",
          "title": "Quick Access"
        }
      },
      {
        "id": "4044b4be6ba05c25",
        "type": "leaf",
        "state": {
          "type": "recent-files",
          "state": {},
          "icon": "lucide-file",
          "title": "Plugin no longer active"
        }
      },
      {
        "id": "b02f1d19f55f25d8",
        "type": "leaf",
        "state": {
          "type": "recent-files",
          "state": {},
          "icon": "lucide-file",
          "title": "Plugin no longer active"
        }
      },
      {
        "id": "755ef24e891dc45a",
        "type": "leaf",
        "state": {
          "type": "recent-files",
          "state": {},
          "icon": "lucide-file",
          "title": "Plugin no longer active"
        }
      },
      {
        "id": "e83f1f0b75ac1f58",
        "type": "leaf",
        "state": {
          "type": "recent-files",
          "state": {},
          "icon": "lucide-file",
          "title": "Plugin no longer active"
        }
      },
      {
        "id": "2852bca0579a0e89",
        "type": "leaf",
        "state": {
          "type": "recent-files",
          "state": {},
          "icon": "lucide-file",
          "title": "Plugin no longer active"
        }
      },
      {
        "id": "7b9bbe39c3db8844",
        "type": "leaf",
        "state": {
          "type": "recent-files",
          "state": {},
          "icon": "lucide-file",
          "title": "Plugin no longer active"
        }
      },
      {
        "id": "6152425c6834f945",
        "type": "leaf",
        "state": {
          "type": "recent-files",
          "state": {},
          "icon": "lucide-file",
          "title": "Plugin no longer active"
        }
      },
      {
        "id": "4ed90489c6476a67",
        "type": "leaf",
        "state": {
          "type": "recent-files",
          "state": {},
          "icon": "lucide-file",
          "title": "Plugin no longer active"
        }
      },
      {
        "id": "3f27d6a5e92258b6",
        "type": "leaf",
        "state": {
          "type": "recent-files",
          "state": {},
          "icon": "lucide-file",
          "title": "Plugin no longer active"
        }
      },
      {
        "id": "50106fd0c803a75a",
        "type": "leaf",
        "state": {
          "type": "recent-files",
          "state": {},
          "icon": "lucide-file",
          "title": "Plugin no longer active"
        }
      },
      {
        "id": "7ddf5a7dc6edbf17",
        "type": "leaf",
        "state": {
          "type": "recent-files",
          "state": {},
          "icon": "lucide-file",
          "title": "Plugin no longer active"
        }
      },
      {
        "id": "17016c67fa5bd42d",
        "type": "leaf",
        "state": {
          "type": "recent-files",
          "state": {},
          "icon": "lucide-file",
          "title": "Plugin no longer active"
        }
      },
      {
        "id": "c9002035746b0585",
        "type": "leaf",
        "state": {
          "type": "recent-files",
          "state": {},
          "icon": "lucide-file",
          "title": "Plugin no longer active"
        }
      },
      {
        "id": "1247d6bdcafd3126",
        "type": "leaf",
        "state": {
          "type": "recent-files",
          "state": {},
          "icon": "lucide-file",
          "title": "Plugin no longer active"
        }
      },
      {
        "id": "79a1c7a8d2fcd9a7",
        "type": "leaf",
        "state": {
          "type": "recent-files",
          "state": {},
          "icon": "lucide-file",
          "title": "Plugin no longer active"
        }
      },
      {
        "id": "2274b6c67b3cc664",
        "type": "leaf",
        "state": {
          "type": "recent-files",
          "state": {},
          "icon": "lucide-file",
          "title": "Plugin no longer active"
        }
      },
      {
        "id": "1d1e6d852fdc7d33",
        "type": "leaf",
        "state": {
          "type": "recent-files",
          "state": {},
          "icon": "lucide-file",
          "title": "Plugin no longer active"
        }
      },
      {
        "id": "df5e97500d8f8e11",
        "type": "leaf",
        "state": {
          "type": "recent-files",
          "state": {},
          "icon": "lucide-file",
          "title": "Plugin no longer active"
        }
      },
      {
        "id": "222cb5ea53905bf5",
        "type": "leaf",
        "state": {
          "type": "recent-files",
          "state": {},
          "icon": "lucide-file",
          "title": "Plugin no longer active"
        }
      },
      {
        "id": "eab2b78458a13c62",
        "type": "leaf",
        "state": {
          "type": "recent-files",
          "state": {},
          "icon": "lucide-file",
          "title": "Plugin no longer active"
        }
      },
      {
        "id": "d9d12deb7bc0a5ba",
        "type": "leaf",
        "state": {
          "type": "recent-files",
          "state": {},
          "icon": "lucide-file",
          "title": "Plugin no longer active"
        }
      },
      {
        "id": "a4935e6c88e5787b",
        "type": "leaf",
        "state": {
          "type": "recent-files",
          "state": {},
          "icon": "lucide-file",
          "title": "Plugin no longer active"
        }
      },
      {
        "id": "74755ea51e16dd9a",
        "type": "leaf",
        "state": {
          "type": "recent-files",
          "state": {},
          "icon": "lucide-file",
          "title": "Plugin no longer active"
        }
      },
      {
        "id": "ea2575f22d4c1acc",
        "type": "leaf",
        "state": {
          "type": "recent-files",
          "state": {},
          "icon": "lucide-file",
          "title": "Plugin no longer active"
        }
      },
      {
        "id": "4b7e0a201f7cf927",
        "type": "leaf",
        "state": {
          "type": "recent-files",
          "state": {},
          "icon": "lucide-file",
          "title": "Plugin no longer active"
        }
      },
      {
        "id": "f3e27f8f47a6cf1b",
        "type": "leaf",
        "state": {
          "type": "recent-files",
          "state": {},
          "icon": "lucide-file",
          "title": "Plugin no longer active"
        }
      },
      {
        "id": "52f5e1503c82164f",
        "type": "leaf",
        "state": {
          "type": "recent-files",
          "state": {},
          "icon": "lucide-file",
          "title": "Plugin no longer active"
        }
      },
      {
        "id": "f6646ef2cd64763e",
        "type": "leaf",
        "state": {
          "type": "recent-files",
          "state": {},
          "icon": "lucide-file",
          "title": "Plugin no longer active"
        }
      },
      {
        "id": "63f1e90aca3ec2e5",
        "type": "leaf",
        "state": {
          "type": "recent-files",
          "state": {},
          "icon": "lucide-file",
          "title": "Plugin no longer active"
        }
      },
      {
        "id": "9c41633a2a65d921",
        "type": "leaf",
        "state": {
          "type": "recent-files",
          "state": {},
          "icon": "lucide-file",
          "title": "Plugin no longer active"
        }
      },
      {
        "id": "eac4232e0cb9ec15",
        "type": "leaf",
        "state": {
          "type": "recent-files",
          "state": {},
          "icon": "lucide-file",
          "title": "Plugin no longer active"
        }
      },
      {
        "id": "c48122af99a04258",
        "type": "leaf",
        "pinned": true,
        "state": {
          "type": "markdown",
          "state": {
            "file": "40 - Obsidian/Quick Access.md",
            "mode": "preview",
            "backlinks": false,
            "source": false
          },
          "pinned": true,
          "icon": "lucide-file",
          "title": "Quick Access"
        }
      },
      {
        "id": "cc8e26b54a41952b",
        "type": "leaf",
        "state": {
          "type": "recent-files",
          "state": {},
          "icon": "lucide-file",
          "title": "Plugin no longer active"
        }
      },
      {
        "id": "b44bc62c286db0da",
        "type": "leaf",
        "state": {
          "type": "recent-files",
          "state": {},
          "icon": "lucide-file",
          "title": "Plugin no longer active"
        }
      },
      {
        "id": "beaee3d47ca45d33",
        "type": "leaf",
        "state": {
          "type": "recent-files",
          "state": {},
          "icon": "lucide-file",
          "title": "Plugin no longer active"
        }
      },
      {
        "id": "50f0f2b9b75b1c62",
        "type": "leaf",
        "state": {
          "type": "recent-files",
          "state": {},
          "icon": "lucide-file",
          "title": "Plugin no longer active"
        }
      },
      {
        "id": "a69ae720530541fb",
        "type": "leaf",
        "state": {
          "type": "recent-files",
          "state": {},
          "icon": "lucide-file",
          "title": "Plugin no longer active"
        }
      },
      {
        "id": "319f2bad4845b3c3",
        "type": "leaf",
        "state": {
          "type": "recent-files",
          "state": {},
          "icon": "lucide-file",
          "title": "Plugin no longer active"
        }
      },
      {
        "id": "48afe75df4bb744b",
        "type": "leaf",
        "state": {
          "type": "recent-files",
          "state": {},
          "icon": "lucide-file",
          "title": "Plugin no longer active"
        }
      },
      {
        "id": "d79fba35f05e5082",
        "type": "leaf",
        "state": {
          "type": "recent-files",
          "state": {},
          "icon": "lucide-file",
          "title": "Plugin no longer active"
        }
      },
      {
        "id": "67996b223c55a503",
        "type": "leaf",
        "state": {
          "type": "recent-files",
          "state": {},
          "icon": "lucide-file",
          "title": "Plugin no longer active"
        }
      },
      {
        "id": "160f216b6c690650",
        "type": "leaf",
        "state": {
          "type": "recent-files",
          "state": {},
          "icon": "lucide-file",
          "title": "Plugin no longer active"
        }
      },
      {
        "id": "60440e19e9b5cdef",
        "type": "leaf",
        "state": {
          "type": "recent-files",
          "state": {},
          "icon": "lucide-file",
          "title": "Plugin no longer active"
        }
      },
      {
        "id": "3ae2ebb4963a5fbc",
        "type": "leaf",
        "state": {
          "type": "recent-files",
          "state": {},
          "icon": "clock",
          "title": "Recent Files"
        }
      }
    ],
    "currentTab": 1
  },
  "right": {
    "id": "928fc613fdc529d1",
    "type": "mobile-drawer",
    "children": [
      {
        "id": "603bb84b2f73b5e7",
        "type": "leaf",
        "state": {
          "type": "outgoing-link",
          "state": {
            "file": "10 - Personal/Goal Dashboard 2025.md",
            "linksCollapsed": false,
            "unlinkedCollapsed": true
          },
          "icon": "links-going-out",
          "title": "Outgoing links"
        }
      },
      {
        "id": "f9cf3fa6d58d26eb",
        "type": "leaf",
        "state": {
          "type": "outline",
          "state": {
            "file": "30 - Database/Kajian/2025-02-24 18.47.md",
            "followCursor": false,
            "showSearch": false,
            "searchQuery": ""
          },
          "icon": "lucide-list",
          "title": "Outline"
        }
      },
      {
        "id": "086ddc4c560b219b",
        "type": "leaf",
        "state": {
          "type": "calendar",
          "state": {},
          "icon": "lucide-file",
          "title": "Plugin no longer active"
        }
      }
    ],
    "currentTab": 1
  },
  "left-ribbon": {
    "hiddenItems": {
      "switcher:Open quick switcher": false,
      "graph:Open graph view": false,
      "canvas:Create new canvas": false,
      "daily-notes:Open today's daily note": false,
      "templates:Insert template": false,
      "command-palette:Open command palette": false,
      "workspaces:Manage workspace layouts": false,
      "homepage:Open homepage": false,
      "periodic-notes:Open today": false,
      "templater-obsidian:Templater": false,
      "obsidian-book-search-plugin:Create new book note": false,
      "obsidian-projects:Open projects": false,
      "ledger-obsidian:Add to Ledger": false,
      "remotely-save:Remotely Save": false,
      "card-board:CardBoard": false
    }
  },
  "active": "ff2ea36846391f1b",
  "lastOpenFiles": [
    "30 - Database/Kajian/2025-02-12 11.43 Wali Allah.md",
    "30 - Database/Kajian/2025-02-18 05.40 Cara Allah SWT Memuliakan Wali-Nya.md",
    "40 - Obsidian/Quick Access.md",
    "30 - Database/Kajian/2025-02-24 18.47.md",
    "40 - Obsidian/Attachment/Pasted image 20250222203548.png",
    "40 - Obsidian/Attachment/Pasted image 20250222193427.png",
    "30 - Database/Kajian/2025-02-22 19.24.md",
    "00 - Periodic Notes/Daily data/2025/2025-02-19 (conflict 2025-02-24-20-44-57).md",
    "30 - Database/Kajian/2025-02-19 05.34.md",
    "30 - Database/Kajian/2025-02-19 20.01.md",
    "30 - Database/Kajian/2025-02-19 04.01.md",
    "30 - Database/Kajian/2025-02-16 05.32 Hadits Wilayah.md",
    "40 - Obsidian/Attachment/QS. Luqman19 nasihat orang tua sederhanakan berjalan dan bersuara.png",
    "40 - Obsidian/Attachment/QS.Al-Hajj73 perumpamaan penciptaan lalat.png",
    "40 - Obsidian/Attachment/QS. Luqman18 nasihat orang tua jangan memalingkan wajah dan berjalan angkuh.png",
    "40 - Obsidian/Attachment/QS. Luqman17 nasihat orang tua dirikan shalat berbuat baik cegah munkar dan sabar.png",
    "40 - Obsidian/Attachment/QS. Al-Hajj74 mereka tidak mengagungkan Allah dengan sebenar-benarnya.png",
    "40 - Obsidian/Attachment/QS. Al-Baqarah137 jika mereka beriman kepada apa yang kamu telah beriman.png",
    "40 - Obsidian/Attachment/QS, Az-Zumar67 mereka tidak mengagungkan Allah padahal bumi seluruhnya dalam genggaman-Nya.png",
    "30 - Database/Kajian/2025-02-18 06.07.md",
    "00 - Periodic Notes/Daily data/2025/2025-02-19.md",
    "00 - Periodic Notes/Daily data/2025/2025-02-18.md",
    "30 - Database/Kajian/2025-02-16 05.32.md",
    "30 - Database/Kajian/2025-02-13 05.32 Hadits Wilayah.md",
    "30 - Database/Kajian/2025-02-11 05.31 Buktikan Cinta Kita kepada Allah SWT.md",
    "30 - Database/Kajian/2025-02-08 17.18 Jangan jadi orang lalai.md",
    "30 - Database/Kajian/2025-02-15 05.23.md",
    "30 - Database/Kajian/2025-02-14 13.12.md",
    "40 - Obsidian/Template/Kajian Notes Template.md",
    "30 - Database/Kajian/2025-02-13 18.52.md",
    "40 - Obsidian/Attachment/poster jual laptop.png",
    "30 - Database/Kajian/2024-12-21 17.11.md",
    "30 - Database/Kajian/2025-02-12 11.43.md",
    "30 - Database/Kajian/2025-02-10 08.45.md",
    "30 - Database/Kajian/2024-08-13 Larangan meminta-minta kepada manusia.md",
    "30 - Database/Kajian/Keutamaan Amalan",
    "30 - Database/Workout Exercise/Gym - Schedule.canvas",
    "10 - Personal/Finance/personalFinance.ledger",
    "Family",
    "Tracking/Finance/personalFinance.ledger",
    "Untitled.canvas",
    "transactions.ledger",
    "Work",
    "Template"
  ]
}