{
  "main": {
    "id": "5324373015726ba8",
    "type": "split",
    "children": [
      {
        "id": "1ea43f91cfd013c3",
        "type": "tabs",
        "children": [
          {
            "id": "36cafc979132dedf",
            "type": "leaf",
            "state": {
              "type": "markdown",
              "state": {
                "file": "00 - Periodic Notes/Yearly data/Ramadhan Tracker 2025-1446H.md",
                "mode": "preview",
                "source": false,
                "backlinks": false
              },
              "icon": "lucide-file",
              "title": "Ramadhan Tracker 2025-1446H"
            }
          }
        ]
      }
    ],
    "direction": "vertical"
  },
  "left": {
    "id": "855290045ee8f32a",
    "type": "split",
    "children": [
      {
        "id": "06e06c535dd286e4",
        "type": "tabs",
        "dimension": 62.91989664082687,
        "children": [
          {
            "id": "ad965c46483eb6f2",
            "type": "leaf",
            "state": {
              "type": "file-explorer",
              "state": {
                "sortOrder": "alphabetical",
                "autoReveal": false
              },
              "icon": "lucide-folder-closed",
              "title": "Files"
            }
          },
          {
            "id": "845452a634c54fc8",
            "type": "leaf",
            "state": {
              "type": "search",
              "state": {
                "query": "gym",
                "matchingCase": true,
                "explainSearch": false,
                "collapseAll": false,
                "extraContext": true,
                "sortOrder": "alphabeticalReverse"
              },
              "icon": "lucide-search",
              "title": "Search"
            }
          }
        ]
      },
      {
        "id": "cf5014e741f121a6",
        "type": "tabs",
        "dimension": 37.08010335917313,
        "children": [
          {
            "id": "220164395828faef",
            "type": "leaf",
            "pinned": true,
            "state": {
              "type": "empty",
              "state": {},
              "pinned": true,
              "icon": "lucide-file",
              "title": "New tab"
            }
          },
          {
            "id": "032d3309f089f347",
            "type": "leaf",
            "pinned": true,
            "state": {
              "type": "markdown",
              "state": {
                "file": "30 - Database/Quick Access.md",
                "mode": "preview",
                "source": false,
                "backlinks": false
              },
              "pinned": true,
              "icon": "lucide-file",
              "title": "Quick Access"
            }
          }
        ],
        "currentTab": 1
      }
    ],
    "direction": "horizontal",
    "width": 257.5
  },
  "right": {
    "id": "56d453d747a84da6",
    "type": "split",
    "children": [
      {
        "id": "3cadf23f7bc591a9",
        "type": "tabs",
        "dimension": 41.66666666666666,
        "children": [
          {
            "id": "3031f99fa826baca",
            "type": "leaf",
            "state": {
              "type": "outline",
              "state": {
                "file": "30 - Database/Ramadhan Tracker 2025-1446H.md",
                "followCursor": false,
                "showSearch": false,
                "searchQuery": ""
              },
              "icon": "lucide-list",
              "title": "Outline of Ramadhan Tracker 2025-1446H"
            }
          },
          {
            "id": "b1dcc955cbe8906b",
            "type": "leaf",
            "state": {
              "type": "outgoing-link",
              "state": {
                "file": "30 - Database/Ramadhan Tracker 2025-1446H.md",
                "linksCollapsed": false,
                "unlinkedCollapsed": true
              },
              "icon": "links-going-out",
              "title": "Outgoing links from Ramadhan Tracker 2025-1446H"
            }
          },
          {
            "id": "f7a70bd755899e9f",
            "type": "leaf",
            "state": {
              "type": "all-properties",
              "state": {
                "sortOrder": "frequency",
                "showSearch": false,
                "searchQuery": ""
              },
              "icon": "lucide-archive",
              "title": "All properties"
            }
          },
          {
            "id": "9dc23580cb265718",
            "type": "leaf",
            "state": {
              "type": "file-properties",
              "state": {
                "file": "30 - Database/Ramadhan Tracker 2025-1446H.md"
              },
              "icon": "lucide-info",
              "title": "File properties for Ramadhan Tracker 2025-1446H"
            }
          },
          {
            "id": "fb723d57878f602c",
            "type": "leaf",
            "state": {
              "type": "calendar",
              "state": {},
              "icon": "calendar-with-checkmark",
              "title": "Calendar"
            }
          }
        ],
        "currentTab": 4
      },
      {
        "id": "0e680d8415e3e3ad",
        "type": "tabs",
        "dimension": 58.33333333333334,
        "children": [
          {
            "id": "12d3cc371337f8cd",
            "type": "leaf",
            "state": {
              "type": "empty",
              "state": {},
              "icon": "lucide-file",
              "title": "New tab"
            }
          },
          {
            "id": "5390f9db54d191db",
            "type": "leaf",
            "pinned": true,
            "state": {
              "type": "markdown",
              "state": {
                "file": "30 - Database/Keterangan Amalan.md",
                "mode": "preview",
                "source": false,
                "backlinks": false
              },
              "pinned": true,
              "icon": "lucide-file",
              "title": "Keterangan Amalan"
            }
          }
        ],
        "currentTab": 1
      }
    ],
    "direction": "horizontal",
    "width": 293.5,
    "collapsed": true
  },
  "left-ribbon": {
    "hiddenItems": {
      "graph:Open graph view": false,
      "daily-notes:Open today's daily note": false,
      "templates:Insert template": false,
      "command-palette:Open command palette": false,
      "workspaces:Manage workspace layouts": false,
      "switcher:Open quick switcher": false,
      "templater-obsidian:Templater": false,
      "periodic-notes:Open today": false,
      "obsidian-projects:Open projects": false
    }
  },
  "active": "36cafc979132dedf",
  "lastOpenFiles": [
    "30 - Database/Quick Access.md",
    "00 - Periodic Notes/Yearly data/Ramadhan Tracker 2025-1446H.md",
    "00 - Periodic Notes/Daily data/2025/2025-02-28.md",
    "00 - Periodic Notes/Daily data/2025/2025-02-24.md",
    "00 - Periodic Notes/Daily data/2025/2025-02-26.md",
    "00 - Periodic Notes/Daily data/2025/2025-02-22.md",
    "00 - Periodic Notes/Daily data/2025/2025-02-21.md",
    "00 - Periodic Notes/Daily data/2025/2025-02-23.md",
    "00 - Periodic Notes/Daily data/2025/2025-02-25.md",
    "00 - Periodic Notes/Daily data/2025/2025-02-27.md",
    "30 - Database/Keterangan Amalan.md",
    "30 - Database/Ramadhan Tracker 2025-1446H.md",
    "40 - Obsidian/Home Page.md",
    "30 - Database/Misc Notes/Keterangan Amalan.md",
    "30 - Database/Misc Notes/1740330000000.md",
    "00 - Periodic Notes/Daily data/2025/2025-01-11.md",
    "00 - Periodic Notes/Daily data/2025/2025-02-01.md",
    "00 - Periodic Notes/Daily data/2025/2025-02-14.md",
    "30 - Database/Misc Notes/Riwayat Tilawah.md",
    "00 - Periodic Notes/Daily data/2025/2025-02-17.md",
    "00 - Periodic Notes/Daily data/2025/2025-02-11.md",
    "00 - Periodic Notes/Daily data/2025/2025-02-13.md",
    "00 - Periodic Notes/Daily data/2025-02-28.md",
    "40 - Obsidian/Quick Access.md",
    "00 - Periodic Notes/Daily data/2025/2025-02-19 (conflict 2025-02-24-20-44-57).md",
    "00 - Periodic Notes/Daily data/2025/2025-02-08.md",
    "40 - Obsidian/Template/Old Template",
    "30 - Database/Paper/kemedikbud_CPNS 2024.pdf",
    "30 - Database/Workout Exercise/Gym - Schedule.canvas",
    "Untitled.canvas",
    "40 - Obsidian/Attachment/QS. Al-Kahfi28 bersabarlah bersama orang shaleh.png",
    "40 - Obsidian/Attachment/Pasted image 20250222193427.png",
    "40 - Obsidian/Attachment/QS. Luqman19 nasihat orang tua sederhanakan berjalan dan bersuara.png",
    "40 - Obsidian/Attachment/QS. Luqman18 nasihat orang tua jangan memalingkan wajah dan berjalan angkuh.png",
    "40 - Obsidian/Attachment/QS. Luqman17 nasihat orang tua dirikan shalat berbuat baik cegah munkar dan sabar.png",
    "40 - Obsidian/Attachment/QS. Al-Baqarah137 jika mereka beriman kepada apa yang kamu telah beriman.png",
    "40 - Obsidian/Attachment/QS, Az-Zumar67 mereka tidak mengagungkan Allah padahal bumi seluruhnya dalam genggaman-Nya.png",
    "40 - Obsidian/Attachment/QS.Al-Hajj73 perumpamaan penciptaan lalat.png",
    "40 - Obsidian/Attachment/QS. Al-Hajj74 mereka tidak mengagungkan Allah dengan sebenar-benarnya.png",
    "40 - Obsidian/Attachment/poster jual laptop.png",
    "30 - Database/Workout Exercise/Forearms Workout.canvas",
    "30 - Database/Workout Exercise/Abs Workout.canvas",
    "10 - Personal/Finance/~$Laptop TUF 2023.xlsx",
    "10 - Personal/Goals 2025",
    "10 - Personal/Goals 2024 - Copy",
    "10 - Personal/Goals 2024",
    "Day Planners",
    "00 - Periodic Notes/Daily data/2023",
    "00 - Periodic Notes/Daily data/New folder",
    "00 - Periodic Notes/Daily data/2025"
  ]
}