{
  "workspaces": {
    "mobile": {
      "main": {
        "id": "5324373015726ba8",
        "type": "split",
        "children": [
          {
            "id": "4509724f8bf84da7",
            "type": "tabs",
            "children": [
              {
                "id": "e7a7b303c61786dc",
                "type": "leaf",
                "pinned": true,
                "state": {
                  "type": "markdown",
                  "state": {
                    "file": "40 - Obsidian/Home Page.md",
                    "mode": "preview",
                    "source": false,
                    "backlinks": false
                  },
                  "pinned": true,
                  "icon": "lucide-file",
                  "title": "Home Page"
                }
              }
            ]
          }
        ],
        "direction": "vertical"
      },
      "left": {
        "id": "855290045ee8f32a",
        "type": "split",
        "children": [
          {
            "id": "06e06c535dd286e4",
            "type": "tabs",
            "children": [
              {
                "id": "ad965c46483eb6f2",
                "type": "leaf",
                "state": {
                  "type": "file-explorer",
                  "state": {
                    "sortOrder": "alphabetical",
                    "autoReveal": false
                  },
                  "icon": "lucide-folder-closed",
                  "title": "Files"
                }
              },
              {
                "id": "845452a634c54fc8",
                "type": "leaf",
                "state": {
                  "type": "search",
                  "state": {
                    "query": "dilalaikan",
                    "matchingCase": false,
                    "explainSearch": false,
                    "collapseAll": false,
                    "extraContext": true,
                    "sortOrder": "alphabeticalReverse"
                  },
                  "icon": "lucide-search",
                  "title": "Search"
                }
              },
              {
                "id": "07a172cdf2940747",
                "type": "leaf",
                "state": {
                  "type": "recent-files",
                  "state": {},
                  "icon": "lucide-file",
                  "title": "Plugin no longer active"
                }
              },
              {
                "id": "109288603ccb0d01",
                "type": "leaf",
                "state": {
                  "type": "recent-files",
                  "state": {},
                  "icon": "lucide-file",
                  "title": "Plugin no longer active"
                }
              },
              {
                "id": "5f57cc1d39fc6e1d",
                "type": "leaf",
                "state": {
                  "type": "recent-files",
                  "state": {},
                  "icon": "lucide-file",
                  "title": "Plugin no longer active"
                }
              },
              {
                "id": "eebfde89a730d65d",
                "type": "leaf",
                "state": {
                  "type": "recent-files",
                  "state": {},
                  "icon": "lucide-file",
                  "title": "Plugin no longer active"
                }
              },
              {
                "id": "c2ae7e19df5c9d1c",
                "type": "leaf",
                "state": {
                  "type": "recent-files",
                  "state": {},
                  "icon": "lucide-file",
                  "title": "Plugin no longer active"
                }
              },
              {
                "id": "d20e19202083c198",
                "type": "leaf",
                "state": {
                  "type": "recent-files",
                  "state": {},
                  "icon": "lucide-file",
                  "title": "Plugin no longer active"
                }
              },
              {
                "id": "172e9a7fa65ba2eb",
                "type": "leaf",
                "state": {
                  "type": "recent-files",
                  "state": {},
                  "icon": "lucide-file",
                  "title": "Plugin no longer active"
                }
              },
              {
                "id": "f3bee875d11f0e33",
                "type": "leaf",
                "state": {
                  "type": "recent-files",
                  "state": {},
                  "icon": "lucide-file",
                  "title": "Plugin no longer active"
                }
              },
              {
                "id": "150d8a89bf013831",
                "type": "leaf",
                "state": {
                  "type": "recent-files",
                  "state": {},
                  "icon": "lucide-file",
                  "title": "Plugin no longer active"
                }
              },
              {
                "id": "e413ecf7b7a0dbe3",
                "type": "leaf",
                "state": {
                  "type": "recent-files",
                  "state": {},
                  "icon": "lucide-file",
                  "title": "Plugin no longer active"
                }
              },
              {
                "id": "60c4207928d02c61",
                "type": "leaf",
                "state": {
                  "type": "recent-files",
                  "state": {},
                  "icon": "clock",
                  "title": "Recent Files"
                }
              }
            ]
          },
          {
            "id": "cf5014e741f121a6",
            "type": "tabs",
            "children": [
              {
                "id": "220164395828faef",
                "type": "leaf",
                "pinned": true,
                "state": {
                  "type": "markdown",
                  "state": {
                    "file": "40 - Obsidian/Quick Access.md",
                    "mode": "preview",
                    "source": false,
                    "backlinks": false
                  },
                  "pinned": true,
                  "icon": "lucide-file",
                  "title": "Quick Access"
                }
              }
            ]
          }
        ],
        "direction": "horizontal",
        "width": 300
      },
      "right": {
        "id": "56d453d747a84da6",
        "type": "split",
        "children": [
          {
            "id": "3cadf23f7bc591a9",
            "type": "tabs",
            "children": [
              {
                "id": "3031f99fa826baca",
                "type": "leaf",
                "state": {
                  "type": "outline",
                  "state": {
                    "file": "Home Page.md"
                  },
                  "icon": "lucide-list",
                  "title": "Outline of Home Page"
                }
              },
              {
                "id": "b1dcc955cbe8906b",
                "type": "leaf",
                "state": {
                  "type": "outgoing-link",
                  "state": {
                    "file": "00 - Periodic Notes/Daily data/2024-11-24.md",
                    "linksCollapsed": false,
                    "unlinkedCollapsed": true
                  },
                  "icon": "links-going-out",
                  "title": "Outgoing links from 2024-11-24"
                }
              },
              {
                "id": "fb723d57878f602c",
                "type": "leaf",
                "state": {
                  "type": "calendar",
                  "state": {},
                  "icon": "lucide-file",
                  "title": "Plugin no longer active"
                }
              },
              {
                "id": "f7a70bd755899e9f",
                "type": "leaf",
                "state": {
                  "type": "all-properties",
                  "state": {
                    "sortOrder": "frequency",
                    "showSearch": false,
                    "searchQuery": ""
                  },
                  "icon": "lucide-archive",
                  "title": "All properties"
                }
              },
              {
                "id": "66ee9ad504dce2cc",
                "type": "leaf",
                "state": {
                  "type": "file-properties",
                  "state": {
                    "file": "40 - Obsidian/Home Page.md"
                  },
                  "icon": "lucide-info",
                  "title": "File properties for Home Page"
                }
              }
            ],
            "currentTab": 2
          },
          {
            "id": "1f9aa98ebcb19cf4",
            "type": "tabs",
            "children": [
              {
                "id": "3e6e0acff02f3822",
                "type": "leaf",
                "state": {
                  "type": "timeline",
                  "state": {},
                  "icon": "checkmark",
                  "title": "Day Planner Timeline"
                }
              }
            ]
          }
        ],
        "direction": "horizontal",
        "width": 300,
        "collapsed": true
      },
      "left-ribbon": {
        "hiddenItems": {
          "canvas:Create new canvas": false,
          "graph:Open graph view": false,
          "daily-notes:Open today's daily note": false,
          "templates:Insert template": false,
          "command-palette:Open command palette": false,
          "workspaces:Manage workspace layouts": false,
          "switcher:Open quick switcher": false,
          "homepage:Open homepage": false,
          "templater-obsidian:Templater": false,
          "periodic-notes:Open today": false,
          "obsidian-book-search-plugin:Create new book note": false,
          "obsidian-projects:Open projects": false,
          "ledger-obsidian:Add to Ledger": false,
          "remotely-save:Remotely Save": false,
          "card-board:CardBoard": false
        }
      },
      "active": "e7a7b303c61786dc",
      "mtime": "2025-02-26T06:04:22+07:00",
      "workspaces-plus:settings-v1": {
        "explorerFoldState": [
          "20 - Working Project/IDX/BTN - BNPL",
          "30 - Database/Kitab Ulama",
          "40 - Obsidian"
        ]
      }
    },
    "desktop": {
      "main": {
        "id": "5324373015726ba8",
        "type": "split",
        "children": [
          {
            "id": "1ea43f91cfd013c3",
            "type": "tabs",
            "children": [
              {
                "id": "36cafc979132dedf",
                "type": "leaf",
                "state": {
                  "type": "markdown",
                  "state": {
                    "file": "00 - Periodic Notes/Yearly data/Ramadhan Tracker 2025-1446H.md",
                    "mode": "preview",
                    "source": false,
                    "backlinks": false
                  },
                  "icon": "lucide-file",
                  "title": "Ramadhan Tracker 2025-1446H"
                }
              }
            ]
          }
        ],
        "direction": "vertical"
      },
      "left": {
        "id": "855290045ee8f32a",
        "type": "split",
        "children": [
          {
            "id": "06e06c535dd286e4",
            "type": "tabs",
            "dimension": 62.91989664082688,
            "children": [
              {
                "id": "ad965c46483eb6f2",
                "type": "leaf",
                "state": {
                  "type": "file-explorer",
                  "state": {
                    "sortOrder": "alphabetical",
                    "autoReveal": false
                  },
                  "icon": "lucide-folder-closed",
                  "title": "Files"
                }
              },
              {
                "id": "845452a634c54fc8",
                "type": "leaf",
                "state": {
                  "type": "search",
                  "state": {
                    "query": "gym",
                    "matchingCase": true,
                    "explainSearch": false,
                    "collapseAll": false,
                    "extraContext": true,
                    "sortOrder": "alphabeticalReverse"
                  },
                  "icon": "lucide-search",
                  "title": "Search"
                }
              },
              {
                "id": "cc4cb0a0fab756e2",
                "type": "leaf",
                "state": {
                  "type": "recent-files",
                  "state": {},
                  "icon": "clock",
                  "title": "Recent Files"
                }
              }
            ]
          },
          {
            "id": "cf5014e741f121a6",
            "type": "tabs",
            "dimension": 37.08010335917313,
            "children": [
              {
                "id": "220164395828faef",
                "type": "leaf",
                "pinned": true,
                "state": {
                  "type": "empty",
                  "state": {},
                  "pinned": true,
                  "icon": "lucide-file",
                  "title": "New tab"
                }
              },
              {
                "id": "032d3309f089f347",
                "type": "leaf",
                "pinned": true,
                "state": {
                  "type": "markdown",
                  "state": {
                    "file": "30 - Database/Todays Ayat.md",
                    "mode": "preview",
                    "source": false,
                    "backlinks": false
                  },
                  "pinned": true,
                  "icon": "lucide-file",
                  "title": "Todays Ayat"
                }
              }
            ],
            "currentTab": 1
          }
        ],
        "direction": "horizontal",
        "width": 257.5
      },
      "right": {
        "id": "56d453d747a84da6",
        "type": "split",
        "children": [
          {
            "id": "3cadf23f7bc591a9",
            "type": "tabs",
            "dimension": 41.666666666666664,
            "children": [
              {
                "id": "3031f99fa826baca",
                "type": "leaf",
                "state": {
                  "type": "outline",
                  "state": {
                    "file": "30 - Database/Ramadhan Tracker 2025-1446H.md",
                    "followCursor": false,
                    "showSearch": false,
                    "searchQuery": ""
                  },
                  "icon": "lucide-list",
                  "title": "Outline of Ramadhan Tracker 2025-1446H"
                }
              },
              {
                "id": "b1dcc955cbe8906b",
                "type": "leaf",
                "state": {
                  "type": "outgoing-link",
                  "state": {
                    "file": "30 - Database/Ramadhan Tracker 2025-1446H.md",
                    "linksCollapsed": false,
                    "unlinkedCollapsed": true
                  },
                  "icon": "links-going-out",
                  "title": "Outgoing links from Ramadhan Tracker 2025-1446H"
                }
              },
              {
                "id": "f7a70bd755899e9f",
                "type": "leaf",
                "state": {
                  "type": "all-properties",
                  "state": {
                    "sortOrder": "frequency",
                    "showSearch": false,
                    "searchQuery": ""
                  },
                  "icon": "lucide-archive",
                  "title": "All properties"
                }
              },
              {
                "id": "9dc23580cb265718",
                "type": "leaf",
                "state": {
                  "type": "file-properties",
                  "state": {
                    "file": "30 - Database/Ramadhan Tracker 2025-1446H.md"
                  },
                  "icon": "lucide-info",
                  "title": "File properties for Ramadhan Tracker 2025-1446H"
                }
              },
              {
                "id": "fb723d57878f602c",
                "type": "leaf",
                "state": {
                  "type": "calendar",
                  "state": {},
                  "icon": "calendar-with-checkmark",
                  "title": "Calendar"
                }
              }
            ],
            "currentTab": 4
          },
          {
            "id": "0e680d8415e3e3ad",
            "type": "tabs",
            "dimension": 58.33333333333333,
            "children": [
              {
                "id": "12d3cc371337f8cd",
                "type": "leaf",
                "state": {
                  "type": "empty",
                  "state": {},
                  "icon": "lucide-file",
                  "title": "New tab"
                }
              },
              {
                "id": "5390f9db54d191db",
                "type": "leaf",
                "pinned": true,
                "state": {
                  "type": "markdown",
                  "state": {
                    "file": "30 - Database/Keterangan Amalan.md",
                    "mode": "preview",
                    "source": false,
                    "backlinks": false
                  },
                  "pinned": true,
                  "icon": "lucide-file",
                  "title": "Keterangan Amalan"
                }
              }
            ],
            "currentTab": 1
          }
        ],
        "direction": "horizontal",
        "width": 310.5
      },
      "left-ribbon": {
        "hiddenItems": {
          "canvas:Create new canvas": false,
          "graph:Open graph view": false,
          "daily-notes:Open today's daily note": false,
          "templates:Insert template": false,
          "command-palette:Open command palette": false,
          "workspaces:Manage workspace layouts": false,
          "switcher:Open quick switcher": false,
          "homepage:Open homepage": false,
          "templater-obsidian:Templater": false,
          "periodic-notes:Open today": false,
          "obsidian-book-search-plugin:Create new book note": false,
          "card-board:CardBoard": false,
          "obsidian-projects:Open projects": false,
          "ledger-obsidian:Add to Ledger": false,
          "remotely-save:Remotely Save": false
        }
      },
      "active": "032d3309f089f347",
      "mtime": "2025-02-28T16:50:48+07:00",
      "workspaces-plus:settings-v1": {
        "explorerFoldState": [
          "20 - Working Project/IDX/BTN - BNPL",
          "30 - Database/Kitab Ulama",
          "40 - Obsidian"
        ],
        "mode": null
      }
    }
  },
  "active": "desktop"
}